,unique_ID,Comp,GA90,Save_percent,CS_percent,_per_90_Expected,Cmp_percent_Launched,Stp_percent_Crosses,#OPA_per_90_Sweeper
0,Fernando Pacheco_2019_Alaves,La Liga,1.31,74,22.9,0.17,40.9,3.4,1.14
1,Regis Gurtner_2019_Amiens,Ligue 1,1.37,72.3,28.9,-0.06,38.2,2.5,0.47
2,Ludovic Butelle_2019_Angers,Ligue 1,1.33,72,30.6,0.03,41.7,3.2,0.92
3,Petr Cech_2019_Arsenal,Premier League,1.38,75.7,14.3,0.03,34.4,5.8,1.23
4,Bernd Leno_2019_Arsenal,Premier League,1.33,75.9,22.6,0.1,33,2.6,1.27
5,Etrit Berisha_2019_Atalanta,Serie A,1.39,61.9,27.8,-0.21,45.7,3.8,1.06
6,Pierluigi Gollini_2019_Atalanta,Serie A,1.05,74.3,20,0.01,37,1.7,1.5
7,Iago Herrerin_2019_Athletic Club,La Liga,1.03,66.7,32.3,-0.08,43.7,4.3,1.1
8,Unai Simon_2019_Athletic Club,La Liga,1.86,66.7,0,0.04,41.2,4.5,0.29
9,Jan Oblak_2019_Atletico Madrid,La Liga,0.73,82.9,54.1,0.39,37.1,4.1,0.43
10,Gregor Kobel_2019_Augsburg,Bundesliga,2.72,55.9,18.8,-0.42,33.5,4.6,1.04
11,Andreas Luthe_2019_Augsburg,Bundesliga,1.51,71.8,14.3,-0.02,36.4,1.5,0.62
12,Marc-Andre ter Stegen_2019_Barcelona,La Liga,0.91,73.3,45.7,0.18,51.1,2,0.91
13,Manuel Neuer_2019_Bayern Munich,Bundesliga,0.9,64.3,38.5,-0.08,43.8,5.3,1.72
14,Sven Ulreich_2019_Bayern Munich,Bundesliga,1.07,69.6,25,0.11,35.3,0,0.95
15,Pau Lopez_2019_Betis,La Liga,1.42,67.2,30.3,-0.04,37.7,5.7,1.39
16,Lukasz Skorupski_2019_Bologna,Serie A,1.47,69.9,26.3,-0.11,46.2,5.3,0.37
17,Benoit Costil_2019_Bordeaux,Ligue 1,1.14,76.3,24.3,0.12,43.9,2.3,0.59
18,Asmir Begovic_2019_Bournemouth,Premier League,1.96,56.7,20.8,-0.44,39.3,6.6,0.67
19,Artur Boruc_2019_Bournemouth,Premier League,1.5,73.2,33.3,-0.17,34.1,1.9,0.75
20,Mathew Ryan_2019_Brighton,Premier League,1.62,69.1,17.6,-0.11,41.1,3.4,0.32
21,Joe Hart_2019_Burnley,Premier League,2.16,65.5,21.1,-0.21,40.4,1.9,0.74
22,Tom Heaton_2019_Burnley,Premier League,1.42,68.7,21.1,-0.1,39.2,2.4,1.53
23,Brice Samba_2019_Caen,Ligue 1,1.42,75.1,23.7,0.37,46.1,6.1,0.42
24,Alessio Cragno_2019_Cagliari,Serie A,1.42,77.6,18.4,0.25,46.7,3.9,0.82
25,Neil Etheridge_2019_Cardiff City,Premier League,1.82,68.6,26.3,-0.02,31.3,2.8,1.21
26,Sergio Alvarez_2019_Celta Vigo,La Liga,1.69,65.5,15.4,-0.15,38.4,3.5,0.54
27,Ruben Blanco_2019_Celta Vigo,La Liga,1.6,67,24,0.03,38.4,3.4,1.2
28,Kepa Arrizabalaga_2019_Chelsea,Premier League,1.08,68.6,38.9,-0.07,49.6,3.8,0.97
29,Adrian Semper_2019_Chievo,Serie A,1.33,75,33.3,0.02,38.3,7.4,0.5
30,Stefano Sorrentino_2019_Chievo,Serie A,1.94,65.3,16.1,-0.27,43.5,1.6,0.26
31,Vicente Guaita_2019_Crystal Palace,Premier League,1.18,74.1,35,-0.09,31.1,4.1,0.51
32,Wayne Hennessey_2019_Crystal Palace,Premier League,1.49,66.7,29.4,-0.18,32.5,4.3,0.86
33,Runar Alex Runarsson_2019_Dijon,Ligue 1,1.72,58.6,20,-0.37,42.8,4,1.8
34,Bobby Allain_2019_Dijon,Ligue 1,1.31,77.8,7.7,0.08,46.6,9.1,1.38
35,Roman Burki_2019_Dortmund,Bundesliga,1.25,71.9,31.3,-0.03,32.7,4.2,1.13
36,Michael Rensing_2019_Dusseldorf,Bundesliga,1.94,67.6,15.6,-0.24,39.6,5,0.09
37,Marko Dmitrovic_2019_Eibar,La Liga,1.25,68.6,20.8,-0.1,34.5,5.5,2.38
38,Asier Riesgo_2019_Eibar,La Liga,1.43,56.5,28.6,-0.17,45.3,3.8,1.93
39,Kevin Trapp_2019_Eint Frankfurt,Bundesliga,1.47,70.3,24.2,-0.11,46.8,4.3,1.13
40,Bartlomiej Dragowski_2019_Empoli,Serie A,1.71,78.1,21.4,0.12,28.8,4.2,1.57
41,Ivan Provedel_2019_Empoli,Serie A,2.25,68.3,0,-0.36,39.5,4.3,0.5
42,Pietro Terracciano_2019_Empoli,Serie A,1.25,71.4,25,0.05,36.6,0.9,0.38
43,Diego Lopez_2019_Espanyol,La Liga,1.32,73.7,26.3,0.1,40.2,3.6,0.5
44,Jordan Pickford_2019_Everton,Premier League,1.21,67.6,36.8,0.03,34.9,3.2,1.05
45,Alban Lafont_2019_Fiorentina,Serie A,1.19,72.7,23.5,-0.13,36.2,2.9,0.87
46,Alexander Schwolow_2019_Freiburg,Bundesliga,1.82,68.8,15.2,-0.09,40.6,2.4,0.88
47,Marco Sportiello_2019_Frosinone,Serie A,1.83,70.6,22.9,-0.24,33.5,3.4,0.6
48,Marcus Bettinelli_2019_Fulham,Premier League,2.86,52.5,0,-0.36,44.8,0.8,1.57
49,Sergio Rico_2019_Fulham,Premier League,1.93,68.5,17.2,-0.12,41.6,1.3,0.97
50,Ionut Radu_2019_Genoa,Serie A,1.39,72.5,18.2,0.01,34.7,2.7,0.42
51,David Soria_2019_Getafe,La Liga,0.92,77.4,35.1,0.2,37.3,4.3,1.03
52,Yassine Bounou_2019_Girona,La Liga,1.35,77.7,25,0.24,38.6,3.4,0.6
53,Gorka Iraizoz_2019_Girona,La Liga,1.61,79.5,16.7,0.33,37.7,3.5,0.48
54,Marc-Aurele Caillard_2019_Guingamp,Ligue 1,1.62,64.5,28.6,-0.15,40.5,5.5,0.19
55,Karl-Johan Johnsson_2019_Guingamp,Ligue 1,2,59,23.5,-0.52,43.9,5.3,0.41
56,Michael Esser_2019_Hannover 96,Bundesliga,2.06,71.5,15.6,-0.13,49.1,4.4,1.19
57,Rune Jarstein_2019_Hertha BSC,Bundesliga,1.57,67.8,25.8,-0.02,43.6,6.3,0.95
58,Oliver Baumann_2019_Hoffenheim,Bundesliga,1.55,72.9,15.2,-0.08,41.3,3.2,1.76
59,Ben Hamer_2019_Huddersfield,Premier League,3.42,57.1,0,-0.25,36.8,7.2,0.65
60,Jonas Lossl_2019_Huddersfield,Premier League,1.75,64.5,16.7,-0.39,43.6,7,0.94
61,Aleksandar Jovanovic_2019_Huesca,La Liga,1.58,63,0,-0.08,31.2,1.4,0.33
62,Roberto Santamaria_2019_Huesca,La Liga,1.5,75,30,0.23,45.3,1.6,0.35
63,Axel Werner_2019_Huesca,La Liga,2.67,53.1,0,-0.69,29.8,0,0.17
64,Samir Handanovic_2019_Inter,Serie A,0.87,76.4,44.7,0.08,46.8,3.3,0.71
65,Mattia Perin_2019_Juventus,Serie A,0.89,74.1,55.6,0.05,45.6,1.7,0.33
66,Wojciech Szczesny_2019_Juventus,Serie A,0.71,76.5,39.3,0.22,54.9,2.5,0.96
67,Thomas Strakosha_2019_Lazio,Serie A,1.11,74.2,28.6,0.22,38.3,2.3,0.77
68,Ivan Cuellar_2019_Leganes,La Liga,1.12,68.7,26.5,0,40.8,5,0.82
69,Kasper Schmeichel_2019_Leicester City,Premier League,1.26,68.8,26.3,-0.21,44.1,2.2,0.66
70,Aitor Fernandez_2019_Levante,La Liga,1.5,75.9,12.5,0.17,35.3,2.2,1.06
71,Oier Olazabal_2019_Levante,La Liga,1.9,73.3,23.8,0.08,36.5,3.9,0.67
72,Lukas Hradecky_2019_Leverkusen,Bundesliga,1.47,65.4,28.1,-0.21,45.4,2.5,1.59
73,Mike Maignan_2019_Lille,Ligue 1,0.87,78.4,39.5,0.16,31.8,5.8,1.16
74,Alisson_2019_Liverpool,Premier League,0.58,77.1,55.3,0.14,41.5,4.2,1.55
75,Anthony Lopes_2019_Lyon,Ligue 1,1.24,72.4,26.5,-0.09,41.5,3.3,0.88
76,Yann Sommer_2019_M'Gladbach,Bundesliga,1.24,75,38.2,0.18,37.4,5.7,0.97
77,Florian Muller_2019_Mainz 05,Bundesliga,1.79,67.7,20.8,-0.17,37,3.4,1.04
78,Robin Zentner_2019_Mainz 05,Bundesliga,1.4,71.4,20,-0.12,26.7,6,1.2
79,Ederson_2019_Manchester City,Premier League,0.61,76.5,52.6,0.01,41,6.7,1.08
80,David de Gea_2019_Manchester Utd,Premier League,1.42,71.9,18.4,-0.03,42.7,1.7,0.66
81,Steve Mandanda_2019_Marseille,Ligue 1,1.32,69.9,29,-0.16,37.9,5.2,0.89
82,Yohann Pele_2019_Marseille,Ligue 1,1.59,68,42.9,-0.17,50,4.7,1.19
83,Gianluigi Donnarumma_2019_Milan,Serie A,0.9,77.8,30.6,0.14,47.9,2.7,0.64
84,Diego Benaglio_2019_Monaco,Ligue 1,1.66,63.5,18.2,-0.12,38.7,2.8,0.66
85,Danijel Subasic_2019_Monaco,Ligue 1,0.95,74.4,28.6,0.07,37.5,3.6,0.48
86,Benjamin Lecomte_2019_Montpellier,Ligue 1,1.14,72.7,29.7,0.04,45.1,4.8,1.05
87,Maxime Dupe_2019_Nantes,Ligue 1,1.63,55.9,10,-0.36,38.8,4.4,0.67
88,Ciprian Tatarusanu_2019_Nantes,Ligue 1,1.13,69.5,25.9,0.05,45.8,5.3,1.43
89,Orestis Karnezis_2019_Napoli,Serie A,0.78,77.8,44.4,0.13,28.3,3.7,0.67
90,Alex Meret_2019_Napoli,Serie A,0.7,85.4,38.5,0.07,29,1.1,0.63
91,David Ospina_2019_Napoli,Serie A,1.24,69.4,31.3,-0.22,32.1,6.5,0.62
92,Martin Dubravka_2019_Newcastle Utd,Premier League,1.26,70,28.9,-0.12,35.3,6.6,0.87
93,Walter Benitez_2019_Nice,Ligue 1,0.83,81.1,45.7,0.35,36.9,3,0.4
94,Paul Bernardoni_2019_Nimes,Ligue 1,1.53,70,26.3,0.09,33.9,5.7,0.87
95,Fabian Bredlow_2019_Nurnberg,Bundesliga,2.24,54.1,16.7,-0.48,32.4,0.6,0.8
96,Christian Mathenia_2019_Nurnberg,Bundesliga,1.86,67.8,9.1,-0.3,35.9,1.9,0.47
97,Alphonse Areola_2019_Paris S-G,Ligue 1,0.81,80.3,52.4,0.11,42.6,2.7,0.62
98,Gianluigi Buffon_2019_Paris S-G,Ligue 1,1.06,73.8,35.3,0.17,39.6,1.1,0.94
99,Luigi Sepe_2019_Parma,Serie A,1.59,74.1,27,0.02,43.3,4.3,0.35
100,Peter Gulacsi_2019_RB Leipzig,Bundesliga,0.83,80.3,45.5,0.37,40.1,4.2,1.75
101,Stole Dimitrievski_2019_Rayo Vallecano,La Liga,1.67,69.5,14.3,-0.1,41,2.5,0.81
102,Alberto Garcia_2019_Rayo Vallecano,La Liga,2.06,60.9,23.5,-0.06,41.7,2,1.06
103,Thibaut Courtois_2019_Real Madrid,La Liga,1.33,71.2,29.6,0.01,34.4,7.3,0.74
104,Keylor Navas_2019_Real Madrid,La Liga,0.8,74.2,40,0.2,35.3,5,1.6
105,Miguel Angel Moya_2019_Real Sociedad,La Liga,1,66.7,18.2,-0.08,50,3.1,1.91
106,Geronimo Rulli_2019_Real Sociedad,La Liga,1.3,69.7,25.9,-0.12,36,5.3,1.15
107,Edouard Mendy_2019_Reims,Ligue 1,1.11,76.7,36.8,0.13,39.3,4.2,0.71
108,Abdoulaye Diallo_2019_Rennes,Ligue 1,0.73,85,33.3,0.17,33.3,10,0.55
109,Tomas Koubek_2019_Rennes,Ligue 1,1.48,67.4,28.1,-0.24,39.8,3.3,1.51
110,Antonio Mirante_2019_Roma,Serie A,0.55,84.2,54.5,0.41,45,1.2,0.55
111,Robin Olsen_2019_Roma,Serie A,1.56,69.8,14.8,-0.15,43.8,2.4,0.93
112,Alfred Gomis_2019_SPAL,Serie A,1.41,65.8,31.6,-0.21,39.5,2.7,0.52
113,Emiliano Viviano_2019_SPAL,Serie A,1.48,75,17.6,-0.06,43.6,2.1,0.53
114,Stephane Ruffier_2019_Saint-Etienne,Ligue 1,1.08,77.7,35.1,0.2,30,2.3,0.49
115,Emil Audero_2019_Sampdoria,Serie A,1.42,70.1,30.6,-0.01,33.2,4.3,1.33
116,Andrea Consigli_2019_Sassuolo,Serie A,1.57,66.5,33.3,0.01,40.8,2.7,0.81
117,Ralf Fahrmann_2019_Schalke 04,Bundesliga,1.59,71.1,18.8,-0.14,44.2,5.1,1.29
118,Alexander Nubel_2019_Schalke 04,Bundesliga,1.64,68.7,22.2,0.05,41.2,4.8,0.62
119,Tomas Vaclik_2019_Sevilla,La Liga,1.33,72,24.2,0.04,31.1,6.1,0.64
120,Angus Gunn_2019_Southampton,Premier League,1.5,64,25,-0.26,27.7,3,1
121,Alex McCarthy_2019_Southampton,Premier League,1.76,64.7,16,-0.15,31.1,4,0.68
122,Matz Sels_2019_Strasbourg,Ligue 1,1.3,72.3,21.6,-0.05,39.4,4.6,0.81
123,Ron-Robert Zieler_2019_Stuttgart,Bundesliga,2.06,62,17.6,-0.28,36.3,4.2,1.21
124,Salvatore Sirigu_2019_Torino,Serie A,0.99,75.7,38.9,0.16,45.2,4.8,1.02
125,Hugo Lloris_2019_Tottenham,Premier League,1,76.9,36.4,0.28,40.2,2.9,1.09
126,Mauro Goicoechea_2019_Toulouse,Ligue 1,1.52,68.6,42.9,-0.49,37.5,5,1.26
127,Baptiste Reynet_2019_Toulouse,Ligue 1,1.5,71.3,19.4,-0.02,38,3,1.07
128,Juan Musso_2019_Udinese,Serie A,1.38,77.8,24.1,0.12,43.9,2.9,0.34
129,Simone Scuffet_2019_Udinese,Serie A,1.44,68.4,22.2,0.05,46.4,1.4,0.44
130,Neto_2019_Valencia,La Liga,1,80.6,29.4,0.23,32.5,1.8,0.47
131,Jordi Masip_2019_Valladolid,La Liga,1.29,72,25.7,0.11,31.5,3.1,0.34
132,Sergio Asenjo_2019_Villarreal,La Liga,1.41,73.5,28.1,0.17,41.5,3.4,0.81
133,Andres Fernandez_2019_Villarreal,La Liga,1.17,73.9,33.3,0.25,48.4,3.1,1.67
134,Ben Foster_2019_Watford,Premier League,1.55,69.4,18.4,-0.01,36.1,5.4,1.89
135,Jiri Pavlenka_2019_Werder Bremen,Bundesliga,1.42,71.2,14.7,0,42.6,2.6,0.76
136,Lukasz Fabianski_2019_West Ham,Premier League,1.45,74.2,18.4,0.23,37.1,5.2,0.42
137,Koen Casteels_2019_Wolfsburg,Bundesliga,1.53,70.6,30.8,0.04,46.2,5.3,1.02
138,Pavao Pervan_2019_Wolfsburg,Bundesliga,1.29,72.5,12.5,0.1,47.9,2.3,0.24
139,Rui Patricio_2019_Wolves,Premier League,1.24,68.8,18.9,-0.07,39.4,2.8,0.49
140,Fernando Pacheco_2020_Alaves,La Liga,1.41,71.6,22.2,-0.1,45.8,2.1,0.42
141,Roberto_2020_Alaves,La Liga,2.16,70.4,25,0.13,43.1,2.8,0.34
142,Regis Gurtner_2020_Amiens,Ligue 1,1.79,65.5,17.9,-0.29,42,2.4,0.36
143,Ludovic Butelle_2020_Angers,Ligue 1,1.23,65.1,42.3,-0.2,34.8,4.7,0.85
144,Bernd Leno_2020_Arsenal,Premier League,1.33,78.1,23.3,0.04,24.1,3.6,1.29
145,Emiliano Martinez_2020_Arsenal,Premier League,1.05,81,37.5,0.32,28.6,5.8,0.47
146,Tom Heaton_2020_Aston Villa,Premier League,1.76,68.6,20,-0.28,31.3,2.9,0.65
147,Orjan Nyland_2020_Aston Villa,Premier League,2,55.6,20,-0.59,31.7,5,0.17
148,Pepe Reina_2020_Aston Villa,Premier League,1.67,66,16.7,-0.44,47,4.8,1.17
149,Pierluigi Gollini_2020_Atalanta,Serie A,1.31,70,24.2,-0.07,43.3,1.6,1.78
150,Marco Sportiello_2020_Atalanta,Serie A,0.86,72.2,40,-0.04,32.1,5.8,1.71
151,Unai Simon_2020_Athletic Club,La Liga,0.87,78,35.3,0.23,42.5,4,0.6
152,Jan Oblak_2020_Atletico Madrid,La Liga,0.72,78.4,44.7,0.15,39.4,2.3,0.32
153,Tomas Koubek_2020_Augsburg,Bundesliga,2.12,58.2,16.7,-0.26,31.7,3.6,1.42
154,Andreas Luthe_2020_Augsburg,Bundesliga,1.2,63.6,30,0.31,31.5,5.4,1.1
155,Marc-Andre ter Stegen_2020_Barcelona,La Liga,1,74.1,38.9,-0.03,51,4.7,1.08
156,Manuel Neuer_2020_Bayern Munich,Bundesliga,0.94,74.5,45.5,0.14,50.4,3.3,3.73
157,Daniel Martin_2020_Betis,La Liga,2.03,50,20,-0.69,39.7,2.9,1.36
158,Joel Robles_2020_Betis,La Liga,1.5,71.5,15.2,0,33.3,2.2,1.59
159,Lukasz Skorupski_2020_Bologna,Serie A,1.73,69,5.4,-0.25,44.2,9.3,0.78
160,Benoit Costil_2020_Bordeaux,Ligue 1,1.21,70.4,21.4,-0.01,40.4,3.9,1
161,Aaron Ramsdale_2020_Bournemouth,Premier League,1.68,69.5,13.5,-0.04,30.1,3.4,0.68
162,Lorenzo Andrenacci_2020_Brescia,Serie A,2.71,63.6,0,-0.54,40,3.1,0.17
163,Jesse Joronen_2020_Brescia,Serie A,2.03,72.4,17.2,-0.08,36.3,3.2,0.41
164,Gautier Larsonneur_2020_Brest,Ligue 1,1.28,76.5,25.9,0.28,34.3,4.2,1.05
165,Mathew Ryan_2020_Brighton,Premier League,1.42,69,23.7,-0.05,50.2,3.8,0.68
166,Nick Pope_2020_Burnley,Premier League,1.32,72.5,39.5,-0.09,30.2,8.3,1.26
167,Alessio Cragno_2020_Cagliari,Serie A,1.31,77.5,18.8,0.1,30.4,4.4,0.44
168,Robin Olsen_2020_Cagliari,Serie A,1.42,77.5,23.5,0.07,35.4,2.7,0.3
169,Rafael_2020_Cagliari,Serie A,2.18,47.1,0,-0.68,46.5,3.1,0.59
170,Ruben Blanco_2020_Celta Vigo,La Liga,1.31,71.9,30.3,-0.06,35.5,3.6,0.33
171,Kepa Arrizabalaga_2020_Chelsea,Premier League,1.42,54.5,24.2,-0.34,33.2,5.8,1.06
172,Vicente Guaita_2020_Crystal Palace,Premier League,1.2,71.8,28.6,0.21,32.3,3.9,0.69
173,Runar Alex Runarsson_2020_Dijon,Ligue 1,1.7,63.8,0,-0.47,41.3,5.5,0.9
174,Alfred Gomis_2020_Dijon,Ligue 1,1.11,76.5,31.6,-0.08,43.1,7.5,0.72
175,Roman Burki_2020_Dortmund,Bundesliga,1.3,61.1,38.7,-0.08,30.9,3.6,1.46
176,Florian Kastenmeier_2020_Dusseldorf,Bundesliga,1.82,62.8,11.8,-0.17,40.1,2.9,1.18
177,Zack Steffen_2020_Dusseldorf,Bundesliga,2.12,64.6,11.8,-0.15,43.6,5.3,0.94
178,Marko Dmitrovic_2020_Eibar,La Liga,1.46,61.5,28.6,-0.12,32.4,5.7,2.14
179,Frederik Ronnow_2020_Eint Frankfurt,Bundesliga,1.56,75.5,11.1,0.04,45.3,3.4,1.22
180,Kevin Trapp_2020_Eint Frankfurt,Bundesliga,1.73,64.8,18.2,-0.18,42.6,5.7,1.45
181,Diego Lopez_2020_Espanyol,La Liga,1.62,67.5,11.1,-0.06,33,5.5,1.39
182,Jordan Pickford_2020_Everton,Premier League,1.47,63.9,23.7,-0.07,37,4.7,0.66
183,Bartlomiej Dragowski_2020_Fiorentina,Serie A,1.39,73.4,25.8,-0.01,32.2,3,0.97
184,Pietro Terracciano_2020_Fiorentina,Serie A,0.72,91.3,28.6,0.36,23.1,5.8,0.72
185,Mark Flekken_2020_Freiburg,Bundesliga,1.4,79.7,30,0.57,35.6,3.1,0.8
186,Alexander Schwolow_2020_Freiburg,Bundesliga,1.38,75.4,16.7,0,35.7,3.4,0.6
187,Mattia Perin_2020_Genoa,Serie A,1.81,64.1,23.8,-0.12,34.6,5.3,0.57
188,Ionut Radu_2020_Genoa,Serie A,2.06,70.4,11.8,-0.16,36.1,3.2,0.41
189,David Soria_2020_Getafe,La Liga,0.97,70.6,39.5,0.09,37,5.2,1.82
190,Rui Silva_2020_Granada,La Liga,1.2,73.2,34.3,0.02,36.9,5,1.89
191,Marco Silvestri_2020_Hellas Verona,Serie A,1.23,77.4,25.7,0.08,26.5,3.1,0.43
192,Rune Jarstein_2020_Hertha BSC,Bundesliga,1.63,72.7,31,-0.06,46.5,7.2,0.71
193,Oliver Baumann_2020_Hoffenheim,Bundesliga,1.63,69.9,23.3,0.05,35,3.7,0.9
194,Samir Handanovic_2020_Inter,Serie A,0.91,72.7,37.1,-0.05,50,4.9,0.54
195,Gianluigi Buffon_2020_Juventus,Serie A,1.11,72.7,11.1,-0.27,46.2,2.8,0.78
196,Wojciech Szczesny_2020_Juventus,Serie A,1.15,80.6,37.9,0.14,49.7,3.1,1.29
197,Timo Horn_2020_Koln,Bundesliga,2.03,58.3,17.6,-0.36,48.9,4.2,0.68
198,Thomas Strakosha_2020_Lazio,Serie A,1.11,77.3,28.9,0.09,40.2,2.1,0.47
199,Gabriel_2020_Lecce,Serie A,2.28,70.9,5.9,-0.08,40,4.5,0.45
200,Ivan Cuellar_2020_Leganes,La Liga,1.22,67.7,25.9,-0.09,35.6,2.8,1.41
201,Juan Soriano_2020_Leganes,La Liga,1.64,66.7,9.1,-0.11,26.9,6,0.36
202,Kasper Schmeichel_2020_Leicester City,Premier League,1.08,75.6,34.2,0.14,45.2,2.8,0.89
203,Aitor Fernandez_2020_Levante,La Liga,1.42,76.6,13.9,0.1,34.6,3.4,1.25
204,Lukas Hradecky_2020_Leverkusen,Bundesliga,1.29,70.6,29.4,0.12,36.1,3.8,1.62
205,Mike Maignan_2020_Lille,Ligue 1,0.96,72.3,42.9,0.04,33.3,3.4,0.86
206,Adrian_2020_Liverpool,Premier League,1.03,63,22.2,-0.26,36.4,5.5,1.44
207,Alisson_2020_Liverpool,Premier League,0.81,72.5,44.8,-0.08,45,3.3,2.23
208,Anthony Lopes_2020_Lyon,Ligue 1,0.96,73.3,30.8,0.03,43.7,3.5,0.77
209,Yann Sommer_2020_M'Gladbach,Bundesliga,1.18,75.3,20.6,0.22,43.1,2.6,1.44
210,Florian Muller_2020_Mainz 05,Bundesliga,2,65.2,16.7,-0.22,34.6,6.3,1.44
211,Robin Zentner_2020_Mainz 05,Bundesliga,1.86,66.1,13.6,-0.11,33.2,5.8,0.79
212,Manolo Reina_2020_Mallorca,La Liga,1.67,74.3,13.9,0.05,37.4,5,0.78
213,Ederson_2020_Manchester City,Premier League,0.82,73.7,45.7,0.08,40.4,5.4,1.85
214,David de Gea_2020_Manchester Utd,Premier League,0.95,74.8,34.2,-0.01,31.7,2,0.58
215,Steve Mandanda_2020_Marseille,Ligue 1,1.02,75,40.7,0.19,32.1,6.6,0.8
216,Alexandre Oukidja_2020_Metz,Ligue 1,1.17,78.3,29.6,-0.02,31.4,6.8,1.17
217,Gianluigi Donnarumma_2020_Milan,Serie A,1.18,73,33.3,-0.04,43.6,5.7,1.04
218,Benjamin Lecomte_2020_Monaco,Ligue 1,1.57,71.6,25,-0.01,43.3,5.1,1.39
219,Geronimo Rulli_2020_Montpellier,Ligue 1,1.08,79.8,32,0.1,51.8,4.4,1
220,Alban Lafont_2020_Nantes,Ligue 1,1.07,72.6,37,-0.05,32.5,2.4,1.15
221,Alex Meret_2020_Napoli,Serie A,1.52,66.7,14.3,-0.2,30.1,1.7,0.69
222,David Ospina_2020_Napoli,Serie A,1.04,72.2,23.5,-0.13,44.2,6,1.04
223,Martin Dubravka_2020_Newcastle Utd,Premier League,1.53,71.3,28.9,0.18,38.4,3.1,0.68
224,Walter Benitez_2020_Nice,Ligue 1,1.38,75.4,15.4,0.27,34.7,2.6,0.65
225,Tim Krul_2020_Norwich City,Premier League,1.89,66.7,13.9,-0.12,28.3,4.4,0.64
226,Paul Bernardoni_2020_Nimes,Ligue 1,1.55,68.5,24,-0.26,34.3,4.2,1.06
227,Sergio Herrera_2020_Osasuna,La Liga,1.47,67.5,38.9,0.02,32.9,6.8,1.69
228,Ruben_2020_Osasuna,La Liga,1.36,61.1,22.2,-0.16,34.9,2.2,0.74
229,Jannik Huth_2020_Paderborn 07,Bundesliga,2.83,51.5,0,-0.81,38.9,1.4,0.83
230,Leopold Zingerle_2020_Paderborn 07,Bundesliga,2.04,64.5,17.9,-0.23,46,2,0.79
231,Keylor Navas_2020_Paris S-G,Ligue 1,0.86,72.7,52.4,0.02,38.5,1.6,0.38
232,Luigi Sepe_2020_Parma,Serie A,1.56,75.6,14.7,0.05,47.8,3.2,0.29
233,Peter Gulacsi_2020_RB Leipzig,Bundesliga,1.06,72.4,31.3,0.08,35.1,4.5,2.13
234,Thibaut Courtois_2020_Real Madrid,La Liga,0.59,79.2,52.9,0.2,27.1,5.2,0.97
235,Miguel Angel Moya_2020_Real Sociedad,La Liga,1.23,68.6,23.1,0.03,51.3,4.7,1.77
236,Alex Remiro_2020_Real Sociedad,La Liga,1.28,73.1,24,-0.08,39.6,2,1.68
237,Predrag Rajkovic_2020_Reims,Ligue 1,0.67,80.5,44.4,0.26,32.5,6.8,0.74
238,Edouard Mendy_2020_Rennes,Ligue 1,0.79,79.7,37.5,0.11,45.9,9.9,0.92
239,Pau Lopez_2020_Roma,Serie A,1.41,72,15.6,-0.02,45.1,2.4,1.38
240,Etrit Berisha_2020_SPAL,Serie A,1.69,74.1,11.5,0.13,42.2,2.9,0.81
241,Karlo Letica_2020_SPAL,Serie A,2.9,55.4,0,-0.91,35.5,3,0.3
242,Stephane Ruffier_2020_Saint-Etienne,Ligue 1,1.82,63,13.6,-0.31,35.5,3.6,0.68
243,Emil Audero_2020_Sampdoria,Serie A,1.67,67.9,25,-0.23,36,2.7,0.89
244,Andrea Consigli_2020_Sassuolo,Serie A,1.77,66.9,16.1,-0.23,33.6,4.4,0.97
245,Alexander Nubel_2020_Schalke 04,Bundesliga,1.56,69.5,19.2,-0.09,33.5,6.5,0.89
246,Markus Schubert_2020_Schalke 04,Bundesliga,2.18,70.9,25,0.06,28.4,4,0.97
247,Yassine Bounou_2020_Sevilla,La Liga,0.55,90,80,0.31,45.3,1.4,0.18
248,Tomas Vaclik_2020_Sevilla,La Liga,0.95,69.8,36.4,-0.08,38.7,4.4,0.86
249,Dean Henderson_2020_Sheffield Utd,Premier League,0.92,75,36.1,0.17,31.2,3.6,0.64
250,Angus Gunn_2020_Southampton,Premier League,2.5,58.2,20,-0.75,21.3,2.9,1.2
251,Alex McCarthy_2020_Southampton,Premier League,1.25,69.9,25,0.11,36.2,5.7,0.96
252,Matz Sels_2020_Strasbourg,Ligue 1,1.19,75,29.6,0.05,43.4,5.1,0.33
253,Salvatore Sirigu_2020_Torino,Serie A,1.78,72.1,19.4,-0.05,46.5,3.7,0.5
254,Paulo Gazzaniga_2020_Tottenham,Premier League,1.45,72,11.8,-0.13,26.7,2.7,0.89
255,Hugo Lloris_2020_Tottenham,Premier League,1.05,80.8,28.6,0.52,41.7,5.1,0.4
256,Baptiste Reynet_2020_Toulouse,Ligue 1,2.17,61,9.1,-0.49,39.1,2.5,1.02
257,Juan Musso_2020_Udinese,Serie A,1.34,77.8,36.8,0.03,43.7,4.3,0.53
258,Rafal Gikiewicz_2020_Union Berlin,Bundesliga,1.64,67.9,24.2,-0.12,45.4,6.2,1.12
259,Jasper Cillessen_2020_Valencia,La Liga,1.29,78,20.8,0.01,31.7,1.6,0.56
260,Jaume Domenech_2020_Valencia,La Liga,1.56,72.8,21.4,-0.13,40.8,2.6,0.41
261,Jordi Masip_2020_Valladolid,La Liga,1.11,73.6,31.4,0.13,33.5,2.2,0.43
262,Sergio Asenjo_2020_Villarreal,La Liga,1.21,75.2,32.4,-0.04,32.7,2.8,0.79
263,Ben Foster_2020_Watford,Premier League,1.68,68.5,23.7,0.04,32.7,5.2,1.45
264,Jiri Pavlenka_2020_Werder Bremen,Bundesliga,2.03,60.9,12.1,-0.44,40.4,2,0.91
265,Lukasz Fabianski_2020_West Ham,Premier League,1.45,70.2,20,0,41.5,2.9,0.34
266,Roberto_2020_West Ham,Premier League,2.23,68.6,0,0.25,29.1,0,1.31
267,Koen Casteels_2020_Wolfsburg,Bundesliga,1.46,67.6,19.2,-0.14,44.5,5.1,1.31
268,Pavao Pervan_2020_Wolfsburg,Bundesliga,1,81.1,37.5,0.42,40,2.9,1.5
269,Rui Patricio_2020_Wolves,Premier League,1.05,69.8,34.2,-0.09,47.3,3.8,0.29
270,Fernando Pacheco_2021_Alaves,La Liga,1.53,61.7,24.3,-0.16,50.7,3.4,0.99
271,Paul Bernardoni_2021_Angers,Ligue 1,1.53,63.3,23.7,-0.09,31.4,3.7,0.45
272,Stefan Ortega_2021_Arminia,Bundesliga,1.53,72.4,32.4,0.09,46.5,3.2,1.29
273,Bernd Leno_2021_Arsenal,Premier League,1.06,69.2,31.4,-0.02,26.6,3.7,0.95
274,Emiliano Martinez_2021_Aston Villa,Premier League,1.21,78,39.5,0.11,38.7,6.9,0.89
275,Pierluigi Gollini_2021_Atalanta,Serie A,1.09,66.2,36,0,39.7,2.6,1.63
276,Marco Sportiello_2021_Atalanta,Serie A,1.5,57.4,15.4,-0.26,44,5.6,1.93
277,Unai Simon_2021_Athletic Club,La Liga,1.08,67.6,24.3,-0.08,41.9,4.5,0.92
278,Jan Oblak_2021_Atletico Madrid,La Liga,0.66,80.3,47.4,0.29,37.5,2.7,0.71
279,Rafal Gikiewicz_2021_Augsburg,Bundesliga,1.59,73,20.6,0.07,34.2,5.3,1.06
280,Neto_2021_Barcelona,La Liga,0.86,83.3,42.9,0.2,38.9,2.3,1.14
281,Marc-Andre ter Stegen_2021_Barcelona,La Liga,1.03,72.6,35.5,-0.04,45.6,6,1.03
282,Manuel Neuer_2021_Bayern Munich,Bundesliga,1.27,66.7,27.3,0.07,48,1.4,3.18
283,Lorenzo Montipo_2021_Benevento,Serie A,2,59.3,18.9,-0.15,35.3,3.1,0.57
284,Claudio Bravo_2021_Betis,La Liga,1.25,72,35,0,35.7,3.8,0.8
285,Joel Robles_2021_Betis,La Liga,1.39,65.6,33.3,-0.01,34.2,4.1,1.78
286,Angelo da Costa Junior_2021_Bologna,Serie A,1.5,70.4,16.7,-0.06,50.9,5.8,1.67
287,Lukasz Skorupski_2021_Bologna,Serie A,1.64,72.1,14.3,0.09,35.8,5.2,0.75
288,Benoit Costil_2021_Bordeaux,Ligue 1,1.47,68.6,36.8,-0.18,43.3,2.9,0.79
289,Gautier Larsonneur_2021_Brest,Ligue 1,1.77,68,17.1,-0.18,45.5,4.7,0.69
290,Mathew Ryan_2021_Brighton,Premier League,1.73,55.9,18.2,-0.49,37.8,4.4,0.36
291,Robert Sanchez_2021_Brighton,Premier League,1,72.5,37,-0.1,36.7,6.5,1.07
292,Nick Pope_2021_Burnley,Premier League,1.16,77.2,34.4,0.13,36.3,6.1,2.28
293,Alessio Cragno_2021_Cagliari,Serie A,1.56,73.6,17.6,0.03,40.8,3.6,0.65
294,Ruben Blanco_2021_Celta Vigo,La Liga,1.48,57.4,21.1,-0.24,34.9,1.3,0.77
295,Ivan Villar_2021_Celta Vigo,La Liga,1.52,68.8,26.3,-0.1,29.6,2.2,1.57
296,Kepa Arrizabalaga_2021_Chelsea,Premier League,1.23,69.6,33.3,0,39.6,4.4,0.15
297,Edouard Mendy_2021_Chelsea,Premier League,0.82,71.6,51.6,-0.07,36,5.1,0.89
298,Alex Cordaz_2021_Crotone,Serie A,2.53,58.5,5.6,-0.47,38.8,3.2,1
299,Vicente Guaita_2021_Crystal Palace,Premier League,1.73,63.9,21.6,-0.37,34.3,3.1,0.65
300,Jeremias Ledesma_2021_Cadiz,La Liga,1.41,70.9,28.1,0.02,41,6.1,0.66
301,Saturnin Allagbe_2021_Dijon,Ligue 1,2.5,56.1,25,-0.72,35.3,3,1.42
302,Anthony Racioppi_2021_Dijon,Ligue 1,1.57,67.7,14.3,0.02,32.7,2.1,0.62
303,Roman Burki_2021_Dortmund,Bundesliga,1.62,71.7,22.2,-0.09,37.3,2.1,0.7
304,Marwin Hitz_2021_Dortmund,Bundesliga,1.03,68.2,43.8,0,48.4,4.5,0.52
305,Marko Dmitrovic_2021_Eibar,La Liga,1.41,64.3,25.7,-0.11,39.3,3.6,1.38
306,Kevin Trapp_2021_Eint Frankfurt,Bundesliga,1.58,68,12.1,-0.16,38.7,3.1,1.55
307,Edgar Badia_2021_Elche,La Liga,1.53,70.9,16.7,0.22,45.9,1.8,1.03
308,Paulo Gazzaniga_2021_Elche,La Liga,1.13,63.6,25,-0.21,39.1,2.2,0.38
309,Robin Olsen_2021_Everton,Premier League,1.29,73.3,28.6,0.07,38.7,4.5,0.57
310,Jordan Pickford_2021_Everton,Premier League,1.28,71.1,32.3,0,39,4.3,1.02
311,Bartlomiej Dragowski_2021_Fiorentina,Serie A,1.57,66.7,19.4,0.06,36.3,4.9,0.77
312,Florian Muller_2021_Freiburg,Bundesliga,1.48,72,19.4,0.04,29.7,1.7,1.16
313,Alphonse Areola_2021_Fulham,Premier League,1.33,73.9,25,0.1,37,5.2,0.86
314,Mattia Perin_2021_Genoa,Serie A,1.38,76.6,25,0.17,33.8,3.5,0.56
315,David Soria_2021_Getafe,La Liga,1.11,69.1,35.7,0.03,39.9,3.8,1.64
316,Ruben Yanez_2021_Getafe,La Liga,1.2,63.3,40,-0.1,43.2,3.9,0.4
317,Rui Silva_2021_Granada,La Liga,1.72,63.5,25,-0.17,37,2.2,1.59
318,Marco Silvestri_2021_Hellas Verona,Serie A,1.24,72.5,20.6,-0.1,28.1,2,0.61
319,Rune Jarstein_2021_Hertha BSC,Bundesliga,1.62,63.6,12.5,-0.5,39,1.6,0.38
320,Alexander Schwolow_2021_Hertha BSC,Bundesliga,1.5,69.4,30.8,0,43.8,2.7,0.73
321,Oliver Baumann_2021_Hoffenheim,Bundesliga,1.65,65.9,19.4,0.01,32.9,3.4,1.71
322,Alvaro Fernandez_2021_Huesca,La Liga,1.45,68.4,22.7,-0.04,39.1,4.3,1.05
323,Andres Fernandez_2021_Huesca,La Liga,1.31,66.7,25,-0.12,34.5,1.6,0.69
324,Samir Handanovic_2021_Inter,Serie A,0.92,73.6,37.8,-0.01,45.5,2.9,0.61
325,Gianluigi Buffon_2021_Juventus,Serie A,0.62,85.7,37.5,0.07,40.3,0.8,1.13
326,Wojciech Szczesny_2021_Juventus,Serie A,1.08,71.4,16.7,-0.01,51,3,1.24
327,Timo Horn_2021_Koln,Bundesliga,1.76,66.5,14.7,-0.16,44.2,3,0.9
328,Pepe Reina_2021_Lazio,Serie A,1.41,70.8,31,-0.05,44.4,2.4,0.59
329,Thomas Strakosha_2021_Lazio,Serie A,1.56,68.4,33.3,-0.14,55.6,3.4,0.56
330,Illan Meslier_2021_Leeds United,Premier League,1.49,76.6,31.4,-0.1,32.8,5.4,0.54
331,Kasper Schmeichel_2021_Leicester City,Premier League,1.32,66.2,28.9,-0.15,37.4,4.1,0.5
332,Jean-Louis Leca_2021_Lens,Ligue 1,1.39,69.9,21.6,-0.15,37.7,3.5,0.79
333,Cardenas_2021_Levante,La Liga,1.37,71.8,12.5,0.03,37.1,1.6,2
334,Aitor Fernandez_2021_Levante,La Liga,1.52,65.8,10.3,-0.19,35.6,1.5,1.86
335,Lukas Hradecky_2021_Leverkusen,Bundesliga,1.02,66.3,27.6,-0.01,35.6,6.2,2.04
336,Mike Maignan_2021_Lille,Ligue 1,0.61,79.4,55.3,0.21,31.3,5.5,1.16
337,Alisson_2021_Liverpool,Premier League,0.97,75.7,30.3,0.09,38.1,5.9,2.64
338,Matthieu Dreyer_2021_Lorient,Ligue 1,1.67,66.1,13.3,-0.22,37.8,0.5,0.4
339,Paul Nardi_2021_Lorient,Ligue 1,1.87,64.9,13,-0.41,28.8,3.5,0.74
340,Anthony Lopes_2021_Lyon,Ligue 1,1.13,71.6,28.9,-0.12,44.4,2,1.58
341,Yann Sommer_2021_M'Gladbach,Bundesliga,1.66,66.7,19.4,-0.33,40.3,1.8,1
342,Robin Zentner_2021_Mainz 05,Bundesliga,1.48,71.1,16.1,-0.13,29.1,6.8,1.19
343,Ederson_2021_Manchester City,Premier League,0.78,77.4,52.8,0.05,40.6,6.1,1.22
344,David de Gea_2021_Manchester Utd,Premier League,1.25,68.9,34.6,-0.08,38.5,0.6,1.1
345,Dean Henderson_2021_Manchester Utd,Premier League,0.96,76.5,33.3,-0.06,20.7,5.3,1.52
346,Steve Mandanda_2021_Marseille,Ligue 1,1.22,66.9,21.6,-0.14,29.1,3.9,0.95
347,Alexandre Oukidja_2021_Metz,Ligue 1,1.12,77.2,23.5,0.04,39.4,7.3,1.38
348,Gianluigi Donnarumma_2021_Milan,Serie A,1.03,71.4,37.8,-0.04,41.6,5.2,1.16
349,Benjamin Lecomte_2021_Monaco,Ligue 1,0.96,64.7,46.4,-0.15,33.9,2.9,2.21
350,Vito Mannone_2021_Monaco,Ligue 1,1.56,63.6,22.2,-0.15,35.8,1.1,1.11
351,Dimitry Bertaud_2021_Montpellier,Ligue 1,1.33,76.2,42.9,0.36,52.2,4.8,0.24
352,Jonas Omlin_2021_Montpellier,Ligue 1,1.72,74.2,6.5,0.01,43.8,5.4,0.54
353,Alban Lafont_2021_Nantes,Ligue 1,1.45,73.2,13.2,-0.07,31,4.5,0.95
354,Alex Meret_2021_Napoli,Serie A,1.32,66.7,27.3,-0.08,45.5,3.3,0.59
355,David Ospina_2021_Napoli,Serie A,0.75,78.6,50,0.12,47.9,7.8,0.69
356,Karl Darlow_2021_Newcastle Utd,Premier League,1.72,68.3,16,-0.15,34.7,4.5,0.4
357,Martin Dubravka_2021_Newcastle Utd,Premier League,1.46,71,23.1,-0.11,42.2,3.7,0.85
358,Walter Benitez_2021_Nice,Ligue 1,1.39,73.9,23.7,-0.06,31.8,4.2,0.53
359,Baptiste Reynet_2021_Nimes,Ligue 1,1.87,66.8,21.1,-0.18,34.7,2.8,1.08
360,Sergio Herrera_2021_Osasuna,La Liga,1.22,71.4,31.3,0.05,43.7,5.4,2.1
361,Keylor Navas_2021_Paris S-G,Ligue 1,0.64,81.5,48.3,0.28,46.8,0,0.89
362,Sergio Rico_2021_Paris S-G,Ligue 1,1,75,62.5,0.24,26.1,0,1.11
363,Luigi Sepe_2021_Parma,Serie A,2.11,59.1,13.9,-0.45,53.8,2.6,0.67
364,Peter Gulacsi_2021_RB Leipzig,Bundesliga,0.91,66.3,45.5,-0.1,43.2,4.8,1.97
365,Thibaut Courtois_2021_Real Madrid,La Liga,0.74,81.9,44.7,0.15,29.7,5.5,1.16
366,Alex Remiro_2021_Real Sociedad,La Liga,1,66.7,36.8,-0.05,39.2,2.2,1.24
367,Predrag Rajkovic_2021_Reims,Ligue 1,1.34,72.2,27,0.05,30,1.9,0.93
368,Alfred Gomis_2021_Rennes,Ligue 1,1.14,71.1,22.7,-0.1,39.7,3.2,1.59
369,Romain Salin_2021_Rennes,Ligue 1,0.93,74.1,33.3,-0.08,38.4,1.8,2.6
370,Pau Lopez_2021_Roma,Serie A,1.44,69.4,20,-0.03,35.5,4,1.49
371,Antonio Mirante_2021_Roma,Serie A,1.48,69.6,38.5,-0.27,43.4,0.6,1.95
372,Etienne Green_2021_Saint-Etienne,Ligue 1,1,78.6,37.5,0.36,35.9,4.2,0.88
373,Jessy Moulin_2021_Saint-Etienne,Ligue 1,1.45,62,31,-0.34,32.1,4.2,0.45
374,Emil Audero_2021_Sampdoria,Serie A,1.46,72.8,16.2,-0.03,39.2,2.1,0.92
375,Andrea Consigli_2021_Sassuolo,Serie A,1.51,71.9,18.9,-0.04,37,5.1,0.92
376,Ralf Fahrmann_2021_Schalke 04,Bundesliga,2.4,67.1,13.6,-0.31,26,3.2,0.96
377,Frederik Ronnow_2021_Schalke 04,Bundesliga,2.29,70.1,10,-0.04,37.6,6.1,1.24
378,Yassine Bounou_2021_Sevilla,La Liga,0.85,77.4,45.5,0.05,43.6,5.8,1.03
379,Aaron Ramsdale_2021_Sheffield Utd,Premier League,1.66,70.9,13.2,-0.15,32.2,5.7,0.89
380,Fraser Forster_2021_Southampton,Premier League,1.37,71,25,-0.16,22.4,4.2,1.75
381,Alex McCarthy_2021_Southampton,Premier League,1.9,65.3,23.3,-0.32,25.1,6.3,1.03
382,Ivan Provedel_2021_Spezia,Serie A,1.9,62.6,13.8,-0.24,37.8,3,1.59
383,Jeroen Zoet_2021_Spezia,Serie A,1.79,69,0,-0.3,36.6,8.3,1.64
384,Bingourou Kamara_2021_Strasbourg,Ligue 1,1.75,59.4,25,-0.34,40.6,1.1,0.25
385,Eiji Kawashima_2021_Strasbourg,Ligue 1,1.29,69.2,33.3,0,48.3,3.2,0.46
386,Matz Sels_2021_Strasbourg,Ligue 1,2.17,57.7,0,-0.63,37.6,4.7,0.33
387,Gregor Kobel_2021_Stuttgart,Bundesliga,1.64,68.8,15.2,-0.02,40,3.7,1.27
388,Salvatore Sirigu_2021_Torino,Serie A,1.94,59.7,21.9,-0.36,40.2,2.3,0.66
389,Hugo Lloris_2021_Tottenham,Premier League,1.18,77.4,31.6,0.1,39,3.9,0.63
390,Juan Musso_2021_Udinese,Serie A,1.46,74.5,22.9,0,43.4,5.4,0.51
391,Andreas Luthe_2021_Union Berlin,Bundesliga,1.37,71.2,16.1,-0.04,37.9,4.8,0.65
392,Jasper Cillessen_2021_Valencia,La Liga,1.1,77.8,30,0.03,35.8,1.8,1.1
393,Jaume Domenech_2021_Valencia,La Liga,1.5,70.8,14.3,-0.11,47,1.6,0.71
394,Jordi Masip_2021_Valladolid,La Liga,1.6,68.7,8,-0.06,31.6,1.6,0.72
395,Roberto_2021_Valladolid,La Liga,1.31,67.4,7.7,-0.15,29.9,0.5,0.77
396,Sergio Asenjo_2021_Villarreal,La Liga,1.11,72,27.8,-0.06,38.7,4.8,0.89
397,Jiri Pavlenka_2021_Werder Bremen,Bundesliga,1.68,66.2,17.6,-0.16,45.8,3,0.88
398,Sam Johnstone_2021_West Brom,Premier League,2,71.4,16.2,-0.1,33,3.1,1.03
399,Lukasz Fabianski_2021_West Ham,Premier League,1.26,70.3,28.6,0.02,39.1,5,0.43
400,Koen Casteels_2021_Wolfsburg,Bundesliga,1.03,72.2,43.8,0.02,41.3,5.6,1.78
401,Rui Patricio_2021_Wolves,Premier League,1.38,70.3,27,-0.07,41.8,3.8,0.32
402,Fernando Pacheco_2022_Alaves,La Liga,1.77,62.8,14.7,-0.24,47.8,4.4,1.27
403,Paul Bernardoni_2022_Angers,Ligue 1,1.46,65.2,30.8,-0.24,41.4,10.9,1.08
404,Anthony Mandrea_2022_Angers,Ligue 1,1.4,68.2,20,-0.04,26.6,4.3,0.8
405,Danijel Petkovic_2022_Angers,Ligue 1,1.47,69.2,13.3,-0.07,31,7.6,1.07
406,Stefan Ortega_2022_Arminia,Bundesliga,1.61,73.9,18.2,0.15,45.7,2.1,1.39
407,Aaron Ramsdale_2022_Arsenal,Premier League,1.15,73.4,35.3,0,27.9,6.3,1.76
408,Emiliano Martinez_2022_Aston Villa,Premier League,1.33,68.6,30.6,-0.11,36,7.2,0.92
409,Juan Musso_2022_Atalanta,Serie A,1.29,67.2,24.2,-0.05,42.2,9.1,1.2
410,Unai Simon_2022_Athletic Club,La Liga,0.91,74.8,35.3,0.06,39.1,5.5,1.03
411,Jan Oblak_2022_Atletico Madrid,La Liga,1.13,66,31.6,-0.2,28.4,5.7,0.76
412,Rafal Gikiewicz_2022_Augsburg,Bundesliga,1.65,67.3,26.5,-0.05,40.2,4.5,1.5
413,Marc-Andre ter Stegen_2022_Barcelona,La Liga,0.97,70.6,31.4,-0.11,51,4.4,0.97
414,Manuel Neuer_2022_Bayern Munich,Bundesliga,0.93,71.9,35.7,-0.07,49.3,3.4,3.41
415,Sven Ulreich_2022_Bayern Munich,Bundesliga,1.83,56.5,16.7,-0.22,31.3,5.6,1.67
416,Claudio Bravo_2022_Betis,La Liga,1.17,67.9,29.4,0.1,40.1,2.4,0.56
417,Rui Silva_2022_Betis,La Liga,0.96,75,38.1,-0.02,33.5,5.3,1.47
418,Manuel Riemann_2022_Bochum,Bundesliga,1.45,72.9,22.6,0.08,46.2,6.6,2.37
419,Lukasz Skorupski_2022_Bologna,Serie A,1.47,74.1,33.3,0.06,42,5.4,0.39
420,Benoit Costil_2022_Bordeaux,Ligue 1,2.48,57.1,0,-0.68,42.7,2.5,1.56
421,Gaetan Poussin_2022_Bordeaux,Ligue 1,2.23,55.7,15.4,-0.51,37.9,5.2,3.08
422,Alvaro Fernandez_2022_Brentford,Premier League,2,66.7,8.3,-0.17,29.6,4.6,1.5
423,David Raya_2022_Brentford,Premier League,1.13,77.7,33.3,-0.03,42.7,6.7,1.46
424,Marco Bizot_2022_Brest,Ligue 1,1.5,68.8,18.4,-0.1,46.5,3,0.89
425,Robert Sanchez_2022_Brighton,Premier League,1.14,72.3,29.7,-0.03,28.2,11.6,0.97
426,Nick Pope_2022_Burnley,Premier League,1.31,74.5,25,-0.05,39.5,7.6,2.22
427,Alessio Cragno_2022_Cagliari,Serie A,1.8,66.1,5.7,-0.27,45.7,4.5,0.94
428,Matias Dituro_2022_Celta Vigo,La Liga,1.13,71.3,36.8,0.06,37.7,8,0.97
429,Edouard Mendy_2022_Chelsea,Premier League,0.91,75.5,41.2,-0.05,43,7.5,1.35
430,Arthur Desmas_2022_Clermont Foot,Ligue 1,2.28,54.5,20,-0.67,24.1,3.1,0.28
431,Ouparine Djoco_2022_Clermont Foot,Ligue 1,1.53,65.7,21.7,-0.24,30.5,7.6,1.19
432,Jack Butland_2022_Crystal Palace,Premier League,1.53,53.6,12.5,-0.16,26.9,7.9,0.82
433,Vicente Guaita_2022_Crystal Palace,Premier League,1.12,74.1,36.7,-0.14,37.2,4.4,1.22
434,Jeremias Ledesma_2022_Cadiz,La Liga,1.34,76.5,34.2,0.05,34.3,7.2,0.74
435,Gregor Kobel_2022_Dortmund,Bundesliga,1.37,67.3,24.1,0.01,32.1,5,1.72
436,Kevin Trapp_2022_Eint Frankfurt,Bundesliga,1.44,73.2,15.6,0.18,29.1,4.5,1.34
437,Edgar Badia_2022_Elche,La Liga,1.46,75.4,20.8,0.1,44.6,4.3,1.71
438,Kiko Casilla_2022_Elche,La Liga,1.21,71.7,21.4,0.01,34.4,3.7,1.07
439,Guglielmo Vicario_2022_Empoli,Serie A,1.84,69.9,18.4,0.03,34.5,5.8,1
440,Diego Lopez_2022_Espanyol,La Liga,1.39,70.7,25,0.09,36.8,5.7,1.22
441,Jordan Pickford_2022_Everton,Premier League,1.66,66.5,20,-0.07,34.8,4.4,1
442,Bartlomiej Dragowski_2022_Fiorentina,Serie A,1.29,73.1,28.6,0.02,44.3,3.3,3.24
443,Pietro Terracciano_2022_Fiorentina,Serie A,1.35,59,29,-0.29,42.5,7.6,1.6
444,Mark Flekken_2022_Freiburg,Bundesliga,1.22,73.8,31.3,0.05,38.7,3,1.09
445,Salvatore Sirigu_2022_Genoa,Serie A,1.59,69.4,27,-0.17,42.5,2.9,0.54
446,David Soria_2022_Getafe,La Liga,1.08,70.5,34.2,0.02,42.4,4.4,1.19
447,Luis Maximiano_2022_Granada,La Liga,1.58,71.8,20,0.09,31.8,5.1,1.55
448,Sascha Burchert_2022_Greuther Furth,Bundesliga,2,65.3,21.4,-0.22,36.8,3.6,1.71
449,Marius Funk_2022_Greuther Furth,Bundesliga,3.75,48.1,0,-0.47,35.7,7.4,2.38
450,Andreas Linde_2022_Greuther Furth,Bundesliga,2,62.9,25,-0.27,29.9,5.7,0.83
451,Lorenzo Montipo_2022_Hellas Verona,Serie A,1.47,65,11.8,-0.22,32.8,4.2,0.68
452,Marcel Lotka_2022_Hertha BSC,Bundesliga,2.03,65.3,22.2,-0.63,33.5,9,1.02
453,Alexander Schwolow_2022_Hertha BSC,Bundesliga,2.11,62.6,16,-0.36,37.8,4.2,1.32
454,Oliver Baumann_2022_Hoffenheim,Bundesliga,1.73,64.5,24.2,-0.14,35.1,6.4,1.97
455,Samir Handanovic_2022_Inter,Serie A,0.81,79,40.5,0.11,46.2,3.8,0.27
456,Wojciech Szczesny_2022_Juventus,Serie A,0.88,75.2,36.4,0.05,45.4,5,0.76
457,Timo Horn_2022_Koln,Bundesliga,1.62,62.5,7.7,-0.02,40.4,2.7,1.46
458,Marvin Schwabe_2022_Koln,Bundesliga,1.33,71.4,14.3,0.21,42.6,3.2,0.71
459,Pepe Reina_2022_Lazio,Serie A,1.93,58.3,13.3,-0.36,49.6,5.4,0.67
460,Thomas Strakosha_2022_Lazio,Serie A,1.26,67.4,30.4,0.03,49.1,3.9,0.7
461,Illan Meslier_2022_Leeds United,Premier League,2.1,66.4,13.2,-0.43,26.3,5.3,1.2
462,Kasper Schmeichel_2022_Leicester City,Premier League,1.57,72.7,18.9,-0.04,39.9,2.8,1.03
463,Wuilker Farinez_2022_Lens,Ligue 1,1.22,68.9,27.3,-0.15,30.5,9.4,1.71
464,Jean-Louis Leca_2022_Lens,Ligue 1,1.28,70,18.5,-0.05,41.7,6.5,0.93
465,Cardenas_2022_Levante,La Liga,1.92,65,20.8,-0.19,31.1,3,1.08
466,Aitor Fernandez_2022_Levante,La Liga,2.24,65.4,15.4,-0.42,38.3,5.1,1.62
467,Lukas Hradecky_2022_Leverkusen,Bundesliga,1.37,72.7,25,-0.07,34.1,4.4,1.41
468,Ivo Grbic_2022_Lille,Ligue 1,1.33,69.4,9.5,-0.18,36.3,5.2,0.62
469,Alisson_2022_Liverpool,Premier League,0.67,75.8,55.6,0.04,44.2,6.5,2.47
470,Matthieu Dreyer_2022_Lorient,Ligue 1,1.56,57.9,43.8,-0.36,33,2.2,0.63
471,Paul Nardi_2022_Lorient,Ligue 1,1.73,62.6,18.2,-0.2,24,1.2,0.68
472,Anthony Lopes_2022_Lyon,Ligue 1,1.36,71.6,23.5,0.02,43,4.1,0.85
473,Julian Pollersbeck_2022_Lyon,Ligue 1,1.24,92,25,0.31,37.1,2.1,1.44
474,Yann Sommer_2022_M'Gladbach,Bundesliga,1.82,68.7,15.2,-0.09,33.5,4.4,1.66
475,Robin Zentner_2022_Mainz 05,Bundesliga,1.31,68.3,31.3,-0.06,30.6,6.9,2.13
476,Manolo Reina_2022_Mallorca,La Liga,1.24,68,38.1,0.11,39.2,4.2,0.43
477,Sergio Rico_2022_Mallorca,La Liga,2.07,54.4,7.1,-0.4,46.8,1,0.36
478,Ederson_2022_Manchester City,Premier League,0.7,69.9,54.1,-0.01,47.8,7,1.49
479,David de Gea_2022_Manchester Utd,Premier League,1.5,70,21.1,0.03,32.7,1.5,0.66
480,Pau Lopez_2022_Marseille,Ligue 1,1.07,68.6,34.5,-0.04,31.9,7,1.59
481,Steve Mandanda_2022_Marseille,Ligue 1,0.78,73.1,55.6,0.08,38.5,4.4,2.33
482,Marc-Aurele Caillard_2022_Metz,Ligue 1,1.75,67.8,29.4,-0.15,37.3,3.8,0.76
483,Alexandre Oukidja_2022_Metz,Ligue 1,1.87,60.4,14.3,-0.35,39.1,12.2,2.02
484,Mike Maignan_2022_Milan,Serie A,0.66,81.2,53.1,0.13,42,7.2,1.41
485,Ciprian Tatarusanu_2022_Milan,Serie A,1.67,66.7,16.7,-0.02,44.6,7.3,0.5
486,Alexander Nubel_2022_Monaco,Ligue 1,1.05,77.3,28.9,0.12,38.6,5.4,1.21
487,Dimitry Bertaud_2022_Montpellier,Ligue 1,2.16,68.4,22.2,-0.43,35.7,6.3,0.43
488,Jonas Omlin_2022_Montpellier,Ligue 1,1.43,75.9,27.6,0.15,40.4,7.9,0.94
489,Alban Lafont_2022_Nantes,Ligue 1,1.26,71.6,21.1,0.14,33.9,5.5,1.47
490,Alex Meret_2022_Napoli,Serie A,0.87,79.3,28.6,0.06,44.8,3.4,0.73
491,David Ospina_2022_Napoli,Serie A,0.81,77.4,41.9,0.12,37.8,5.1,1
492,Karl Darlow_2022_Newcastle Utd,Premier League,1.87,64.9,0,-0.56,44.2,4.7,0.5
493,Martin Dubravka_2022_Newcastle Utd,Premier League,1.35,67.9,30.8,0,41.6,6.1,0.54
494,Walter Benitez_2022_Nice,Ligue 1,0.95,78,37.8,0.21,38.4,6.2,0.89
495,Angus Gunn_2022_Norwich City,Premier League,2.44,64.9,11.1,-0.3,34.9,1.7,1.56
496,Tim Krul_2022_Norwich City,Premier League,2.14,66.7,17.2,-0.4,33.6,3.2,0.66
497,Sergio Herrera_2022_Osasuna,La Liga,1.33,70.1,33.3,0.03,45.6,4.3,1.78
498,Gianluigi Donnarumma_2022_Paris S-G,Ligue 1,1,73.8,29.4,0.09,42.6,6.3,2
499,Keylor Navas_2022_Paris S-G,Ligue 1,0.87,79.5,33.3,0.01,39.7,2.1,0.97
500,Peter Gulacsi_2022_RB Leipzig,Bundesliga,1.03,72.1,27.3,-0.03,37.7,4,1.85
501,Stole Dimitrievski_2022_Rayo Vallecano,La Liga,1.2,76.2,30,0.05,32.9,8.6,1.14
502,Luca Zidane_2022_Rayo Vallecano,La Liga,1.81,64.9,0,-0.14,44.7,10,0.84
503,Thibaut Courtois_2022_Real Madrid,La Liga,0.81,77.5,44.4,0.12,29.5,4.5,0.86
504,Alex Remiro_2022_Real Sociedad,La Liga,0.91,75,54.3,-0.02,41.8,3.9,1.37
505,Predrag Rajkovic_2022_Reims,Ligue 1,1.16,75.8,28.9,-0.03,31.5,5.7,1.39
506,Dogan Alemdar_2022_Rennes,Ligue 1,1.08,66.7,33.3,-0.06,36.7,5.5,2
507,Alfred Gomis_2022_Rennes,Ligue 1,1,68.7,40,0,42.8,4.7,1.24
508,Rui Patricio_2022_Roma,Serie A,1.13,74,39.5,0.03,44.3,3.1,0.68
509,Stefan Bajic_2022_Saint-Etienne,Ligue 1,2.29,62.1,0,0.04,37.3,4.9,1.94
510,Paul Bernardoni_2022_Saint-Etienne,Ligue 1,1.95,65.6,15.8,-0.19,28.6,9.6,2.95
511,Etienne Green_2022_Saint-Etienne,Ligue 1,2.03,61.2,6.7,-0.08,38.6,3.5,1.05
512,Vid Belec_2022_Salernitana,Serie A,2.28,65.9,4.8,-0.29,43.4,3.6,0.65
513,Luigi Sepe_2022_Salernitana,Serie A,1.55,73.1,6.3,0.04,51.9,4.3,0.84
514,Emil Audero_2022_Sampdoria,Serie A,1.69,63.8,17.2,-0.14,43,5.3,0.88
515,Wladimiro Falcone_2022_Sampdoria,Serie A,1.47,75.9,22.2,-0.13,42,4.3,0.21
516,Andrea Consigli_2022_Sassuolo,Serie A,1.71,67.8,8.1,-0.16,43.2,4.3,0.81
517,Yassine Bounou_2022_Sevilla,La Liga,0.77,78,41.9,0.09,40.2,6.4,0.77
518,Marko Dmitrovic_2022_Sevilla,La Liga,0.83,73.7,66.7,-0.16,41.4,6.1,2
519,Fraser Forster_2022_Southampton,Premier League,1.84,67.3,15.8,-0.03,31.8,6.7,1.26
520,Alex McCarthy_2022_Southampton,Premier League,1.59,62,29.4,-0.32,30.1,8.6,0.29
521,Ivan Provedel_2022_Spezia,Serie A,1.7,73.9,22.6,-0.04,33.4,5.9,0.81
522,Jeroen Zoet_2022_Spezia,Serie A,2.71,58.1,0,-0.84,29,2.1,0.86
523,Matz Sels_2022_Strasbourg,Ligue 1,1.16,70,35.1,-0.19,40.9,2.7,1.05
524,Florian Muller_2022_Stuttgart,Bundesliga,1.73,65.5,13.3,-0.16,39.1,3.8,1.23
525,Etrit Berisha_2022_Torino,Serie A,0.8,85.4,40,0.22,28.2,4.7,1
526,Vanja Milinkovic-Savic_2022_Torino,Serie A,1.22,67.5,14.8,-0.23,29.1,6.2,0.81
527,Hugo Lloris_2022_Tottenham,Premier League,1.05,72.3,42.1,-0.04,41.2,5.8,1.18
528,Gauthier Gallon_2022_Troyes,Ligue 1,1.45,72.6,25.8,0.07,40.5,4.6,0.81
529,Jessy Moulin_2022_Troyes,Ligue 1,1.14,75,14.3,-0.02,33,10.1,1.29
530,Marco Silvestri_2022_Udinese,Serie A,1.43,68.1,20,-0.1,38.8,3.5,0.29
531,Andreas Luthe_2022_Union Berlin,Bundesliga,1.44,64.4,22.2,-0.2,34.5,7.3,0.89
532,Frederik Ronnow_2022_Union Berlin,Bundesliga,0.71,72.2,28.6,-0.09,35.2,13.3,0.43
533,Jasper Cillessen_2022_Valencia,La Liga,1.79,68.8,17.6,0.1,43,3.1,0.86
534,Giorgi Mamardashvili_2022_Valencia,La Liga,1.11,76,44.4,0.06,36.6,4.8,1.61
535,Luca Lezzerini_2022_Venezia,Serie A,1.64,76.9,0,0.05,37.3,2,0.55
536,Niki Maenpaa_2022_Venezia,Serie A,1.64,73.8,6.3,0.07,31.7,2.2,0.61
537,Sergio Romero_2022_Venezia,Serie A,2.06,74.3,18.8,-0.01,38.1,5.3,0.69
538,Sergio Asenjo_2022_Villarreal,La Liga,1.5,71.4,0,-0.01,28.8,2.9,2.33
539,Geronimo Rulli_2022_Villarreal,La Liga,0.87,75,43.8,0.04,39.3,4.6,1.63
540,Daniel Bachmann_2022_Watford,Premier League,2.33,65.3,0,-0.23,34.3,3.7,1
541,Ben Foster_2022_Watford,Premier League,1.88,60.3,15.4,-0.42,31.5,4.4,1.42
542,Lukasz Fabianski_2022_West Ham,Premier League,1.35,70.4,21.6,-0.03,36.8,4.7,0.32
543,Koen Casteels_2022_Wolfsburg,Bundesliga,1.43,68.6,35.7,0.07,44.6,7.5,1.07
544,Pavao Pervan_2022_Wolfsburg,Bundesliga,2.33,65.8,16.7,-0.29,31,2.1,1.17
545,Jose Sa_2022_Wolves,Premier League,1.1,80.6,29.7,0.2,29.4,7.8,1.1
546,Benjamin Leroy_2023_Ajaccio,Ligue 1,1.93,60.9,12.5,-0.36,40.8,4.6,1.74
547,Francois-Joseph Sollacaro_2023_Ajaccio,Ligue 1,2.33,45.8,16.7,-0.65,21.8,6.5,1
548,Fernando_2023_Almeria,La Liga,1.67,70.5,10.8,0.01,35.7,6.4,0.71
549,Paul Bernardoni_2023_Angers,Ligue 1,2.3,62.2,11.1,-0.28,32.3,5.9,0.67
550,Yahia Fofana_2023_Angers,Ligue 1,1.73,66.7,9.1,-0.14,26.4,11.9,0.82
551,Aaron Ramsdale_2023_Arsenal,Premier League,1.13,70.6,36.8,-0.05,25.4,5.8,1.13
552,Emiliano Martinez_2023_Aston Villa,Premier League,1.09,74.2,30.6,0.07,38,12.4,2.09
553,Juan Musso_2023_Atalanta,Serie A,1.17,71.9,29.2,-0.14,39.5,5.5,1.04
554,Marco Sportiello_2023_Atalanta,Serie A,1.41,68.8,14.3,-0.1,35.1,9,1.21
555,Julen Agirrezabala_2023_Athletic Club,La Liga,0.8,68.4,28.6,-0.06,36.6,11.5,1.33
556,Unai Simon_2023_Athletic Club,La Liga,1.21,67.3,29,-0.08,38.2,5.1,1.31
557,Ivo Grbic_2023_Atletico Madrid,La Liga,1.17,81.3,20,0.17,31.1,10.7,0.68
558,Jan Oblak_2023_Atletico Madrid,La Liga,0.72,75.9,39.3,0.07,32.1,7,0.69
559,Rafal Gikiewicz_2023_Augsburg,Bundesliga,1.78,70.6,21.7,0.01,40.9,5.8,1.96
560,Tomas Koubek_2023_Augsburg,Bundesliga,2,66.2,9.1,0.19,34.2,5.7,2
561,Benoit Costil_2023_Auxerre,Ligue 1,2.16,60.4,10.5,-0.37,45.2,1.1,0.58
562,Ionut Radu_2023_Auxerre,Ligue 1,1.18,73,29.4,0.17,33.5,5.1,0.76
563,Marc-Andre ter Stegen_2023_Barcelona,La Liga,0.48,84.7,68.4,0.23,50.1,4.9,1.1
564,Manuel Neuer_2023_Bayern Munich,Bundesliga,0.92,79.5,33.3,0.31,49.4,3.9,1.92
565,Yann Sommer_2023_Bayern Munich,Bundesliga,1.32,67.3,26.3,-0.07,40.7,5.7,1.42
566,Claudio Bravo_2023_Betis,La Liga,0.75,81,33.3,0.17,33.3,1.9,0.5
567,Rui Silva_2023_Betis,La Liga,1.23,71.2,34.6,0.07,37.6,4.9,1.42
568,Manuel Riemann_2023_Bochum,Bundesliga,2.12,68,14.7,0,47.1,5.8,3.56
569,Lukasz Skorupski_2023_Bologna,Serie A,1.32,73.9,18.9,0.05,39.4,5.9,0.65
570,Neto_2023_Bournemouth,Premier League,1.47,74.6,22.2,0.06,36.6,6.9,0.94
571,Mark Travers_2023_Bournemouth,Premier League,2.78,54.5,18.2,-0.52,46.1,2.2,0.43
572,David Raya_2023_Brentford,Premier League,1.21,77.7,31.6,0.13,39.3,8.7,1.42
573,Marco Bizot_2023_Brest,Ligue 1,1.46,73.3,21.6,0.08,41.5,5.8,0.68
574,Robert Sanchez_2023_Brighton,Premier League,1.3,66.2,26.1,-0.12,29.3,7.4,0.57
575,Jason Steele_2023_Brighton,Premier League,1.53,61.4,40,-0.1,45.9,7.9,1.27
576,Agustin Marchesin_2023_Celta Vigo,La Liga,1.53,62.5,31.6,-0.38,38.6,5.5,1.32
577,Ivan Villar_2023_Celta Vigo,La Liga,1.26,66.1,21.1,-0.09,33.9,3.1,0.74
578,Kepa Arrizabalaga_2023_Chelsea,Premier League,1.16,73.3,31,0.18,31.9,4.5,1.82
579,Edouard Mendy_2023_Chelsea,Premier League,1.47,64.1,11.1,-0.22,35.1,7,1.16
580,Mory Diaw_2023_Clermont Foot,Ligue 1,1.27,75.8,27,0.23,39.1,7.3,0.68
581,Marco Carnesecchi_2023_Cremonese,Serie A,1.74,70.6,14.8,-0.07,30,7.2,1.07
582,Ionut Radu_2023_Cremonese,Serie A,2.11,75,11.1,0.22,26.6,5.6,1
583,Vicente Guaita_2023_Crystal Palace,Premier League,1.26,72.4,22.2,0.01,35.9,6.3,0.96
584,Sam Johnstone_2023_Crystal Palace,Premier League,1.11,76.5,33.3,0.11,30.3,1.9,1.22
585,Jeremias Ledesma_2023_Cadiz,La Liga,1.41,77.7,35.3,-0.03,32.1,7.1,0.76
586,Gregor Kobel_2023_Dortmund,Bundesliga,1.19,73.9,40.7,0.1,39.7,5.1,1.37
587,Alexander Meyer_2023_Dortmund,Bundesliga,1.71,62.5,14.3,-0.58,40,8.8,2.57
588,Kevin Trapp_2023_Eint Frankfurt,Bundesliga,1.55,62.3,18.2,-0.23,24.5,4.2,0.73
589,Edgar Badia_2023_Elche,La Liga,1.75,72,11.1,0.24,45.3,3.7,0.56
590,Samuele Perisan_2023_Empoli,Serie A,1.29,62.5,28.6,-0.22,33.3,3.7,0.57
591,Guglielmo Vicario_2023_Empoli,Serie A,1.26,73.9,22.6,0.09,30.3,5.6,0.71
592,Alvaro Fernandez_2023_Espanyol,La Liga,1.64,64,18.2,-0.17,47.1,3.3,1.36
593,Benjamin Lecomte_2023_Espanyol,La Liga,1.4,65,10,-0.26,45,2.7,1.1
594,Fernando Pacheco_2023_Espanyol,La Liga,2.06,67,18.8,-0.4,46.7,6.6,1.19
595,Jordan Pickford_2023_Everton,Premier League,1.54,71.3,21.6,0.08,33.7,3.9,1.41
596,Pietro Terracciano_2023_Fiorentina,Serie A,1.31,66.7,17.2,-0.1,41.3,4.4,1.9
597,Mark Flekken_2023_Freiburg,Bundesliga,1.29,74,38.2,0.07,40.8,7.4,1.26
598,Bernd Leno_2023_Fulham,Premier League,1.42,77.1,22.2,0.25,31.7,7.5,1.28
599,David Soria_2023_Getafe,La Liga,1.18,75.3,34.2,0.07,45.2,6.1,1.21
600,Juan Carlos_2023_Girona,La Liga,1.8,62.8,0,-0.13,35.9,5,2.1
601,Paulo Gazzaniga_2023_Girona,La Liga,1.32,73.6,14.3,0.3,36.5,7.8,1.36
602,Lorenzo Montipo_2023_Hellas Verona,Serie A,1.59,68,13.5,-0.17,46.5,5.2,1.49
603,Oliver Christensen_2023_Hertha BSC,Bundesliga,2.06,61.3,9.1,-0.31,34.8,6.8,2.12
604,Oliver Baumann_2023_Hoffenheim,Bundesliga,1.68,65.8,14.7,-0.16,39.2,8.1,1.26
605,Samir Handanovic_2023_Inter,Serie A,1.31,67.3,28.6,-0.14,51.7,1.3,0.73
606,Andre Onana_2023_Inter,Serie A,1,73.5,33.3,-0.11,38.9,5.3,0.42
607,Mattia Perin_2023_Juventus,Serie A,0.66,85,60,0.39,29.9,2.6,1.04
608,Wojciech Szczesny_2023_Juventus,Serie A,0.95,75.3,50,0,47.4,2.8,0.76
609,Marvin Schwabe_2023_Koln,Bundesliga,1.59,61.2,17.6,-0.26,38.1,4.1,0.65
610,Ivan Provedel_2023_Lazio,Serie A,0.79,77.3,56.8,0.06,42.4,4.3,1.45
611,Wladimiro Falcone_2023_Lecce,Serie A,1.21,73.7,15.8,0.01,26.9,4.3,1.11
612,Illan Meslier_2023_Leeds United,Premier League,1.97,59.5,14.7,-0.36,23.6,7.9,1.94
613,Daniel Iversen_2023_Leicester City,Premier League,1.83,66.1,8.3,-0.18,19.6,7.9,0.5
614,Danny Ward_2023_Leicester City,Premier League,1.77,63,23.1,-0.21,31,5.6,1.62
615,Brice Samba_2023_Lens,Ligue 1,0.76,80,40.5,0.15,40,8.9,1.11
616,Lukas Hradecky_2023_Leverkusen,Bundesliga,1.42,71.8,27.3,-0.11,31.4,6.7,0.79
617,Lucas Chevalier_2023_Lille,Ligue 1,0.97,72.4,31.3,0.08,27,6.9,0.78
618,Alisson_2023_Liverpool,Premier League,1.16,72.1,37.8,0.27,41,5.8,2.41
619,Vito Mannone_2023_Lorient,Ligue 1,1.34,72.6,29.4,0.07,31.8,3.5,0.5
620,Yvon Mvogo_2023_Lorient,Ligue 1,1.44,71.4,14.3,-0.04,37.7,5.5,0.35
621,Anthony Lopes_2023_Lyon,Ligue 1,1.25,75.6,21.9,0.14,36,5.3,0.8
622,Remy Riou_2023_Lyon,Ligue 1,1.2,83.3,16.7,0.27,24.5,7.7,1.5
623,Jonas Omlin_2023_M'Gladbach,Bundesliga,1.26,71.4,33.3,0,32.2,6.8,1.4
624,Tobias Sippel_2023_M'Gladbach,Bundesliga,2.12,66.7,20,-0.08,23.6,2.3,0.71
625,Yann Sommer_2023_M'Gladbach,Bundesliga,1.4,80,30,0.37,34,3.1,1.3
626,Finn Dahmen_2023_Mainz 05,Bundesliga,2,65.9,0,-0.32,34.5,10.8,1
627,Robin Zentner_2023_Mainz 05,Bundesliga,1.5,67,26.9,-0.14,33.8,13.4,2.04
628,Predrag Rajkovic_2023_Mallorca,La Liga,1.11,74.4,33.3,-0.02,41.1,5.3,0.53
629,Ederson_2023_Manchester City,Premier League,0.91,62.3,31.4,-0.14,44.5,6.6,0.94
630,David de Gea_2023_Manchester Utd,Premier League,1.13,71.1,44.7,-0.02,31.4,2.9,0.84
631,Ruben Blanco_2023_Marseille,Ligue 1,1.09,68.4,0,-0.02,23.4,4.1,1.27
632,Pau Lopez_2023_Marseille,Ligue 1,1.05,76.4,31.3,0.02,34.6,5.9,1.14
633,Mike Maignan_2023_Milan,Serie A,0.96,69.4,36.4,-0.03,39.4,6.8,1.46
634,Ciprian Tatarusanu_2023_Milan,Serie A,1.37,67.2,25,-0.26,48.2,4.6,0.81
635,Alexander Nubel_2023_Monaco,Ligue 1,1.53,72.8,23.7,-0.14,42.5,7.9,0.87
636,Benjamin Lecomte_2023_Montpellier,Ligue 1,1.16,79.2,42.1,0.4,36,5.5,0.68
637,Jonas Omlin_2023_Montpellier,Ligue 1,2.01,68.5,14.3,0,32.9,6.7,0.93
638,Michele Di Gregorio_2023_Monza,Serie A,1.32,72.5,27,0.02,34.9,2.6,0.86
639,Alban Lafont_2023_Nantes,Ligue 1,1.46,74.9,29.7,0.13,36.6,8.5,1.05
640,Alex Meret_2023_Napoli,Serie A,0.71,74.7,47.1,0.03,38.6,3.3,1.15
641,Nick Pope_2023_Newcastle Utd,Premier League,0.88,74.6,37.8,0.01,32.6,8.3,2.04
642,Kasper Schmeichel_2023_Nice,Ligue 1,0.97,77.3,30.6,0.02,43.8,5.3,0.64
643,Dean Henderson_2023_Nott'ham Forest,Premier League,1.72,65.9,33.3,-0.23,32.3,6.9,1.5
644,Keylor Navas_2023_Nott'ham Forest,Premier League,1.88,66.3,5.9,-0.16,33.1,4.7,0.53
645,Aitor Fernandez_2023_Osasuna,La Liga,0.9,75.3,38.1,-0.01,43.6,4.4,1.76
646,Sergio Herrera_2023_Osasuna,La Liga,1.35,69,17.6,-0.04,43,7.4,1.18
647,Gianluigi Donnarumma_2023_Paris S-G,Ligue 1,1.06,76.3,34.2,0.11,36.5,7.6,0.71
648,Janis Blaswich_2023_RB Leipzig,Bundesliga,1.12,69.3,26.9,-0.08,31.2,6.9,1.5
649,Peter Gulacsi_2023_RB Leipzig,Bundesliga,1.67,65.4,33.3,0.19,29.7,4.9,1.67
650,Stole Dimitrievski_2023_Rayo Vallecano,La Liga,1.33,67.6,24.3,-0.02,28.3,4.8,1.41
651,Thibaut Courtois_2023_Real Madrid,La Liga,0.94,78.8,32.3,0.02,38.8,8.7,1.29
652,Andriy Lunin_2023_Real Madrid,La Liga,1,61.1,42.9,-0.21,51.9,1.9,1.57
653,Alex Remiro_2023_Real Sociedad,La Liga,0.92,74.4,39.5,0,42.7,4,1.24
654,Yehvann Diouf_2023_Reims,Ligue 1,1,78.1,45.2,0.22,44.2,9.3,1.13
655,Patrick Pentz_2023_Reims,Ligue 1,2,58.6,0,-0.16,30.9,7.8,0.57
656,Dogan Alemdar_2023_Rennes,Ligue 1,1.77,56.3,25,-0.32,34.3,6.7,1.11
657,Steve Mandanda_2023_Rennes,Ligue 1,0.93,73.6,35.3,0.07,38.8,9.2,1.52
658,Rui Patricio_2023_Roma,Serie A,1,69.4,37.1,-0.18,41.2,4,0.71
659,Guillermo Ochoa_2023_Salernitana,Serie A,1.65,71.4,20,0.09,31.4,3.5,0.5
660,Luigi Sepe_2023_Salernitana,Serie A,1.59,73.6,17.6,0.2,27.7,7.2,0.76
661,Emil Audero_2023_Sampdoria,Serie A,1.56,71.9,16,-0.19,36.1,6.7,0.92
662,Nicola Ravaglia_2023_Sampdoria,Serie A,2.56,67.2,0,-0.57,33.8,6.5,0.11
663,Andrea Consigli_2023_Sassuolo,Serie A,1.57,55.6,25.7,-0.41,40.4,6,0.8
664,Ralf Fahrmann_2023_Schalke 04,Bundesliga,1.14,78.2,41.7,0.04,45.6,6.8,0.79
665,Alexander Schwolow_2023_Schalke 04,Bundesliga,2.57,60.9,9.1,-0.54,40.8,2.2,1.02
666,Yassine Bounou_2023_Sevilla,La Liga,1.72,63.2,16,-0.07,38,6.5,1.63
667,Marko Dmitrovic_2023_Sevilla,La Liga,0.92,76.4,38.5,0.02,31.6,5.6,0.71
668,Gavin Bazunu_2023_Southampton,Premier League,1.75,54.2,12.5,-0.52,33.7,7.9,1.5
669,Alex McCarthy_2023_Southampton,Premier League,2.83,46.7,0,-0.84,19.5,6.5,1.17
670,Bartlomiej Dragowski_2023_Spezia,Serie A,1.65,69.5,17.6,-0.15,31.3,2.8,0.98
671,Matz Sels_2023_Strasbourg,Ligue 1,1.55,71.8,15.8,-0.06,34.9,6.2,0.84
672,Fabian Bredlow_2023_Stuttgart,Bundesliga,1.53,69.5,6.7,-0.13,42.6,5.9,1
673,Florian Muller_2023_Stuttgart,Bundesliga,1.79,62.1,5.3,-0.36,46.2,2.3,1.47
674,Vanja Milinkovic-Savic_2023_Torino,Serie A,1.08,73.5,28.9,-0.14,30.4,7.7,1.84
675,Fraser Forster_2023_Tottenham,Premier League,1.78,60,23.1,-0.2,29,2.6,1.19
676,Hugo Lloris_2023_Tottenham,Premier League,1.59,67.5,28,-0.17,35.3,6.2,1.18
677,Maxime Dupe_2023_Toulouse,Ligue 1,1.5,70.4,23.7,0.01,37.5,5.8,0.55
678,Gauthier Gallon_2023_Troyes,Ligue 1,2.19,66.1,0,-0.27,27.4,6.7,0.3
679,Mateusz Lis_2023_Troyes,Ligue 1,1.92,72.5,12.5,0.05,30.7,7.8,1.56
680,Marco Silvestri_2023_Udinese,Serie A,1.26,69.3,26.3,0.07,37.9,2.4,0.55
681,Frederik Ronnow_2023_Union Berlin,Bundesliga,0.93,81.5,37.9,0.28,39.7,9.9,1
682,Giorgi Mamardashvili_2023_Valencia,La Liga,1.18,70.9,18.4,0,33.9,7.7,1.24
683,Sergio Asenjo_2023_Valladolid,La Liga,2.1,60.8,10,-0.42,35.8,3,1.7
684,Jordi Masip_2023_Valladolid,La Liga,1.51,74.5,28.6,0.17,34.2,3.8,0.5
685,Pepe Reina_2023_Villarreal,La Liga,1.23,73.6,22.7,0.13,30.9,4.8,0.91
686,Geronimo Rulli_2023_Villarreal,La Liga,0.71,82.1,50,0.18,42,9.3,1.5
687,Jiri Pavlenka_2023_Werder Bremen,Bundesliga,1.89,65.3,12.1,-0.22,39.8,4.6,1.18
688,Lukasz Fabianski_2023_West Ham,Premier League,1.39,70.1,22.2,-0.03,38.4,5.7,0.72
689,Koen Casteels_2023_Wolfsburg,Bundesliga,1.41,70.1,35.3,-0.03,43.7,5.9,1.5
690,Jose Sa_2023_Wolves,Premier League,1.53,67.1,30.6,-0.16,27.6,8,0.78
